<?xml version="1.0" encoding="UTF-8"?>
<project-private xmlns="http://www.netbeans.org/ns/project-private/1">
    <editor-bookmarks xmlns="http://www.netbeans.org/ns/editor-bookmarks/2" lastBookmarkId="0"/>
    <open-files xmlns="http://www.netbeans.org/ns/projectui-open-files/2">
        <group>
            <file>file:/C:/Users/Mack/ArtExpress/public/css/css.css</file>
            <file>file:/C:/Users/Mack/ArtExpress/resources/views/view_profile.blade.php</file>
            <file>file:/C:/Users/Mack/ArtExpress/app/Http/Controllers/UserController.php</file>
            <file>file:/C:/Users/Mack/ArtExpress/app/Http/routes.php</file>
            <file>file:/C:/Users/Mack/ArtExpress/resources/views/explore.blade.php</file>
            <file>file:/C:/Users/Mack/ArtExpress/app/Http/Controllers/PostsController.php</file>
            <file>file:/C:/Users/Mack/ArtExpress/resources/views/home.blade.php</file>
        </group>
    </open-files>
</project-private>
